filename,emotion_label,priority_level,composite_priority,is_anomaly,general_duration
20250528-185318_09839843903-all.mp3,sad,HIGH,2.1000000000000005,1,758.3555102040816
20250510-092404_09929197793-all.mp3,angry,HIGH,2.0000000000000004,0,697.1361451247166
